1	Bancroft	Hanna	bancrh	
1	Battle	Blake	battlb	
1	Biesiadecki	Kyle	biesik	
1	Bone	Milena	bonem	
1	Bosworth	Charlotte	boswoc	
1	Briscoe	Kaitlyn	brisck	
1	Chau	Jane	chauj3	
1	Chen	Ayaha	chena10	
1	Chen	Yaoxin	cheny52	
1	Chien	Caitlin	chienc3	
1	Coleman	Nasseem	colemn2	
1	Curci	Joe	curcij	
1	De Andrade	Andrew	deanda	
1	Debopadhaya	Shayom	debops	
1	Deptula	Joe	deptuj	
1	Dietrich	Jon	dietrj	
1	Ehrenstein	Alex	ehrena	
1	Elmer	Ben	elmerb	
1	Falasco	Noah	falasn	
1	Falvo	Jason	falvoj	
1	Felix	Jon	felixj	
1	Fields	Jonah	fieldj2	
1	Fu	Angela	fua	
1	Gelfuso	Parker	gelfup	
1	Grimaldi	Catherine	grimac	
1	Harris	mat	harrim9	
1	Holland	Elizabeth	hollae2	
1	Isernia	Rett	iserne	
1	Kim	Brad	kims24	
1	Lamontagne	Taelinn	lamont	
1	Lanthier	William	lanthw	
1	Lee	Jae Jin	leej46	
1	Licata	Angelo	licata2	
1	Liu	Haruka	liuc8	
1	Liu	Jianfeng	liuj40	
1	Martinez	Danny	martid11	
1	Meier	Andre	meiera2	
1	Merkel	Spencer	merkes	
1	Moran	Matthew	moranm4	
1	Muniz Martinez	Andy	muniza	
1	Neri	Mark	nerim	
1	O'Hara	Brendan	oharab2	
1	Parker	Jacob	parkej7	
1	Patel	Bhakti	patelb6	
1	Roberts	Cassidy	roberc6	
1	Robinson	Steve	robins10	
1	Rodgers	Jack	rodgej2	
1	Shen	Jeff	shenj8	
1	Shen	Jiacheng	shenj9	
1	Siryk	Jon	sirykj	
1	Sweig	Pam	sweigp	
1	Tapert	Julius	taperj	
1	Teng	Ai	tenga	
1	VonFricken	Izabella	vonfri	
1	Welch	Maddy	welchm3	
1	Welch	Trent	welcht2	
1	Wise	Timothy	wiset3	
1	Wisnom	Whitney	wisnow	
1	Woods	Jimmy	woodsj7	
1	Zieky	Chase	ziekyc	
